protocol,model,subject,n_train,n_test,accuracy,balanced_accuracy,macro_f1,seconds
within_subject,LDA,1,24298,10697,0.4454519958866972,0.44737353761581655,0.4517832919503032,0.5
within_subject,kNN5,1,24298,10697,0.6240067308591194,0.6266921180401828,0.6201031695850802,1.0
within_subject,SVM,1,24298,10697,0.5589417593717865,0.5641523274405074,0.5557898931742066,26.8
within_subject,RF,1,24298,10697,0.7176778536038142,0.7179404931554215,0.7170893543313568,12.3
within_subject,LDA,2,25553,10913,0.4429579400714744,0.4394965337088959,0.43559065116344,0.5
within_subject,kNN5,2,25553,10913,0.5517272977183176,0.5490643399970527,0.5417505613727713,1.1
within_subject,SVM,2,25553,10913,0.5297351782278017,0.5232332137810578,0.5058507376511548,23.7
within_subject,RF,2,25553,10913,0.6635205717951067,0.659235682954556,0.6526487214485928,13.8
within_subject,LDA,3,25213,10827,0.4650411009513254,0.47670282890011045,0.48486783192725497,0.4
within_subject,kNN5,3,25213,10827,0.5832640620670546,0.6021298197536925,0.5908417754329789,1.0
within_subject,SVM,3,25213,10827,0.5541701302299806,0.5666977311962563,0.5538781512446125,21.5
within_subject,RF,3,25213,10827,0.6683291770573566,0.6794741194530597,0.6749145434958113,12.7
within_subject,LDA,4,28673,12382,0.4221450492650622,0.423479568168544,0.42093203363666537,0.6
within_subject,kNN5,4,28673,12382,0.48473590696171864,0.48866585402923557,0.4862246013303002,1.3
within_subject,SVM,4,28673,12382,0.4794863511549023,0.48252123949065046,0.4688640053070155,37.0
within_subject,RF,4,28673,12382,0.59780326280084,0.6006395997579834,0.6006683164670181,15.9
within_subject,LDA,5,29477,12881,0.44476360531014675,0.44773525278041804,0.44274155021950345,0.5
within_subject,kNN5,5,29477,12881,0.5314028413943017,0.534217026607714,0.53245638271569,1.4
within_subject,SVM,5,29477,12881,0.504231037962891,0.5061356650360899,0.4799456899455727,36.3
within_subject,RF,5,29477,12881,0.6666407887586367,0.6626254226051709,0.6628274566018831,18.4
within_subject,LDA,6,28071,12427,0.4247203669429468,0.43423941514365505,0.44129766094067424,0.5
within_subject,kNN5,6,28071,12427,0.5702904964995574,0.5795064830321133,0.5770436084282708,1.3
within_subject,SVM,6,28071,12427,0.5291703548724551,0.5412620058698507,0.5278968039103594,31.8
within_subject,RF,6,28071,12427,0.6803733805423674,0.6862289700060872,0.6854503134297294,15.8
within_subject,LDA,7,26459,11275,0.5381818181818182,0.5350296485197784,0.5324517271513651,0.4
within_subject,kNN5,7,26459,11275,0.6595121951219513,0.6604273515033331,0.6558084306343732,1.1
within_subject,SVM,7,26459,11275,0.6354767184035477,0.6353469601916997,0.623580014380011,24.7
within_subject,RF,7,26459,11275,0.7781818181818182,0.7780995985159582,0.7770504779220784,14.9
within_subject,LDA,8,24933,10869,0.4791609163676511,0.4952940122055625,0.49802082000194325,0.4
within_subject,kNN5,8,24933,10869,0.6064035329837152,0.6241253248188099,0.6171312805518351,1.2
within_subject,SVM,8,24933,10869,0.5815622412365443,0.5981461846930283,0.5834809196497014,25.7
within_subject,RF,8,24933,10869,0.7167172692980035,0.7285327743016912,0.7242763515279667,12.1
within_subject,LDA,9,26076,10970,0.5305378304466728,0.5217779367426424,0.5225907179563773,0.4
within_subject,kNN5,9,26076,10970,0.6267092069279854,0.6234584217643397,0.6192430821384742,1.1
within_subject,SVM,9,26076,10970,0.6052871467639015,0.5990077662341325,0.590820729047393,23.2
within_subject,RF,9,26076,10970,0.7298085688240656,0.7297055189081425,0.7271120926931578,12.6
within_subject,LDA,10,26989,11484,0.45358760013932425,0.44927357147809066,0.45026497548513217,0.4
within_subject,kNN5,10,26989,11484,0.541100661790317,0.5378084710225076,0.5322592392844807,1.2
within_subject,SVM,10,26989,11484,0.5575583420411007,0.5507894917082007,0.5397319892572283,32.7
within_subject,RF,10,26989,11484,0.6820794148380356,0.678906896199092,0.6772546453436958,14.8
within_subject,LDA,11,27773,12176,0.48020696452036793,0.47035553442046796,0.47620817805536225,0.4
within_subject,kNN5,11,27773,12176,0.6187582128777924,0.6075423698979414,0.6042348811799175,1.3
within_subject,SVM,11,27773,12176,0.6082457293035479,0.5999033111715476,0.5836537549030579,25.8
within_subject,RF,11,27773,12176,0.7255256241787122,0.7172825544405024,0.7109365779594398,14.1
within_subject,LDA,12,26437,11444,0.4951066060817896,0.48926645144326103,0.49418193378908787,0.4
within_subject,kNN5,12,26437,11444,0.5839741349178609,0.5793292902426863,0.5754080518261977,1.0
within_subject,SVM,12,26437,11444,0.5304089479203076,0.5218449764479381,0.5159271214666463,25.0
within_subject,RF,12,26437,11444,0.6987941279272981,0.6952912489449388,0.6958210188559991,12.9
within_subject,LDA,13,22871,9785,0.4784874808380174,0.48629643413560286,0.49627846209958487,0.3
within_subject,kNN5,13,22871,9785,0.5493101686254471,0.5624112667676816,0.5547625857761354,0.9
within_subject,SVM,13,22871,9785,0.5450178845171181,0.5549244621833366,0.5524547195352338,23.0
within_subject,RF,13,22871,9785,0.652938170669392,0.6629937394306195,0.660869671123339,10.8
within_subject,LDA,14,28386,12084,0.39688844753392916,0.39862809964350265,0.4080565684583842,0.4
within_subject,kNN5,14,28386,12084,0.5074478649453823,0.5103089002166493,0.5072983192596778,1.3
within_subject,SVM,14,28386,12084,0.516964581264482,0.519944326759548,0.508627096724258,32.2
within_subject,RF,14,28386,12084,0.6507778881165177,0.6517808392291592,0.6510426996576307,16.5
within_subject,LDA,15,26510,11104,0.44560518731988474,0.4472597080853983,0.4418471035239013,0.5
within_subject,kNN5,15,26510,11104,0.4791966858789625,0.48326881909479585,0.47239645167509514,1.1
within_subject,SVM,15,26510,11104,0.49945965417867433,0.5013862838135364,0.4811509434560709,31.8
within_subject,RF,15,26510,11104,0.6063580691642652,0.6064192458361338,0.6033029928008784,16.9
within_subject,LDA,16,22608,9699,0.4371584699453552,0.4328889594249585,0.4357555596191415,0.4
within_subject,kNN5,16,22608,9699,0.501494999484483,0.4984891368649118,0.49441271154001765,0.9
within_subject,SVM,16,22608,9699,0.5194349932982781,0.5191877610935112,0.5014034353602672,20.7
within_subject,RF,16,22608,9699,0.6091349623672544,0.6081958523280699,0.6021888842303079,11.2
within_subject,LDA,17,25194,10705,0.4035497431106959,0.40958519804055377,0.4145954899590484,0.5
within_subject,kNN5,17,25194,10705,0.5398411957029425,0.5541478209584357,0.5431836303021425,1.1
within_subject,SVM,17,25194,10705,0.4962167211583372,0.5076933592168087,0.49064176909670587,26.4
within_subject,RF,17,25194,10705,0.6553012610929472,0.6665484589671336,0.6605313097548358,14.2
within_subject,LDA,18,27289,11421,0.4201908764556519,0.42006643457291787,0.42191783048938686,0.4
within_subject,kNN5,18,27289,11421,0.47999299535942563,0.48431815860108013,0.47805887102084965,1.2
within_subject,SVM,18,27289,11421,0.4810436914455827,0.48519903864050085,0.4722237758425129,31.1
within_subject,RF,18,27289,11421,0.6013483933105682,0.6059920299923635,0.6028113980737407,15.2
within_subject,LDA,19,27395,11731,0.45588611371579574,0.4595721720088336,0.4583387147973569,0.4
within_subject,kNN5,19,27395,11731,0.5416418037677947,0.5430370042754187,0.5427550243424769,1.4
within_subject,SVM,19,27395,11731,0.5243372261529281,0.5267918811085658,0.5178058133657539,35.9
within_subject,RF,19,27395,11731,0.6462364674793283,0.6467407018419156,0.6467137706561221,14.5
within_subject,LDA,20,24860,10902,0.45569620253164556,0.45927554010284416,0.47015579236029287,0.5
within_subject,kNN5,20,24860,10902,0.5748486516235554,0.5796982509161108,0.5754085244582875,1.0
within_subject,SVM,20,24860,10902,0.5254081819849569,0.5305284667516106,0.5172565301564992,28.1
within_subject,RF,20,24860,10902,0.7006971197945331,0.6986271573596528,0.6977836083673609,15.0
within_subject,LDA,21,25954,11283,0.5042985021714083,0.5053816666009332,0.5052147653671829,0.3
within_subject,kNN5,21,25954,11283,0.6590445803421076,0.6602057620893959,0.6566559081293454,1.1
within_subject,SVM,21,25954,11283,0.5941682176726047,0.5934500690543149,0.5816846569816322,28.4
within_subject,RF,21,25954,11283,0.7607905698838962,0.7598029294335984,0.7584901600096404,13.7
within_subject,LDA,22,27681,11933,0.5143719098298836,0.5138833833218899,0.5134804480232311,0.4
within_subject,kNN5,22,27681,11933,0.6376435095952401,0.6349536281020959,0.6361461931579684,1.2
within_subject,SVM,22,27681,11933,0.5978379284337552,0.5964965108765286,0.5864945488299043,26.7
within_subject,RF,22,27681,11933,0.7743233051202547,0.772039655948785,0.7718703792197066,14.6
within_subject,LDA,23,28188,11884,0.3978458431504544,0.3968682727251213,0.40036446958236166,0.5
within_subject,kNN5,23,28188,11884,0.5065634466509593,0.5081181582303311,0.5049187184077337,1.2
within_subject,SVM,23,28188,11884,0.49276337933355774,0.4976739195593028,0.4807704699538206,30.0
within_subject,RF,23,28188,11884,0.6240323123527431,0.625668393723924,0.623906356812522,15.4
within_subject,LDA,24,25149,10734,0.41680640953978015,0.40384130539489205,0.4018730599878058,0.4
within_subject,kNN5,24,25149,10734,0.5756474753120924,0.5678133332276013,0.565199119815871,1.0
within_subject,SVM,24,25149,10734,0.5605552450158375,0.5471613106701623,0.5323788857192695,24.1
within_subject,RF,24,25149,10734,0.7229364635736911,0.7159853334405889,0.7120268362810478,14.7
within_subject,LDA,25,27370,11869,0.5028224787260932,0.5033389360894502,0.5113878937703503,0.4
within_subject,kNN5,25,27370,11869,0.6608812873873114,0.6631798075189607,0.6616758524320118,1.3
within_subject,SVM,25,27370,11869,0.610919201280647,0.6105883937279823,0.6019307385129521,26.0
within_subject,RF,25,27370,11869,0.7585306260005055,0.7602964971857608,0.759858583825813,15.2
within_subject,LDA,26,24046,9885,0.48224582701062213,0.47650955611264506,0.4821436254327195,0.3
within_subject,kNN5,26,24046,9885,0.6686899342438037,0.6703420809455194,0.664609069678062,1.0
within_subject,SVM,26,24046,9885,0.5982802225594335,0.5978387879708456,0.5886357043360329,22.4
within_subject,RF,26,24046,9885,0.7825998988366212,0.7836963753881687,0.7804724175160089,13.3
within_subject,LDA,27,28896,12587,0.4074044649241281,0.4129452666785666,0.4130847778100279,0.5
within_subject,kNN5,27,28896,12587,0.5584333042027488,0.5627365301966497,0.558351990658767,1.3
within_subject,SVM,27,28896,12587,0.49876857074759673,0.5063781227841029,0.4939037716635325,32.5
within_subject,RF,27,28896,12587,0.668467466433622,0.6690503854923581,0.6676297833080338,13.8
