protocol,model,subject,condition,level,n_train,n_test,accuracy,balanced_accuracy,macro_f1,fit_seconds
loso,LDA,1,clean,,142390,4835,0.34870734229576006,0.3442991856458628,0.3176656892772696,1.6
loso,kNN3,1,clean,,142390,4835,0.353464322647363,0.3465905414393333,0.3109554813766682,1.2
loso,kNN5,1,clean,,142390,4835,0.3646328852119959,0.35908199301210963,0.32775054093689315,1.2
loso,SVM,1,clean,,142390,4835,0.3669079627714581,0.3761222932421291,0.3244233207076689,6.8
loso,RF,1,clean,,142390,4835,0.431023784901758,0.4219230215738158,0.3745928340885673,71.9
loso,LDA,2,clean,,142006,5219,0.2803219007472696,0.27676303381715284,0.2527303559381159,1.7
loso,kNN3,2,clean,,142006,5219,0.3163441272274382,0.31386568851736807,0.28593621291190024,1.4
loso,kNN5,2,clean,,142006,5219,0.32534968384748036,0.32292227147865665,0.29932173483951247,1.3
loso,SVM,2,clean,,142006,5219,0.2567541674650316,0.2517825141054926,0.20269350429226246,7.3
loso,RF,2,clean,,142006,5219,0.3017819505652424,0.2962643397642576,0.2471298629017564,69.1
loso,LDA,3,clean,,141803,5422,0.46883068978236814,0.4763141255379962,0.479608471940371,1.6
loso,kNN3,3,clean,,141803,5422,0.4015123570638141,0.39976967496335314,0.35969741121949217,1.3
loso,kNN5,3,clean,,141803,5422,0.4197713021025452,0.4158192048972994,0.3798544797941016,1.3
loso,SVM,3,clean,,141803,5422,0.4022500922168941,0.41681401850281014,0.38182719778857305,6.9
loso,RF,3,clean,,141803,5422,0.4247510143858355,0.4344312403669043,0.3985165078885476,72.5
loso,LDA,4,clean,,141142,6083,0.34127897419036657,0.3398809079838646,0.3292814762191769,1.8
loso,kNN3,4,clean,,141142,6083,0.298372513562387,0.3194371391127855,0.29898691624841756,1.2
loso,kNN5,4,clean,,141142,6083,0.3087292454381062,0.33091816763339965,0.3086706066267687,1.3
loso,SVM,4,clean,,141142,6083,0.37530823606772973,0.41093563309253855,0.37097067688244684,8.6
loso,RF,4,clean,,141142,6083,0.3174420516192668,0.3463337242515233,0.3268423917866209,72.8
loso,LDA,5,clean,,141939,5286,0.43965191070752935,0.4702113453241691,0.4354828613172477,1.8
loso,kNN3,5,clean,,141939,5286,0.3293605751040484,0.3536806756128338,0.3058028156718764,1.1
loso,kNN5,5,clean,,141939,5286,0.34014377601210743,0.36320450410595734,0.3171095105939017,1.2
loso,SVM,5,clean,,141939,5286,0.3617101778282255,0.4144520214144243,0.3302183183416423,8.0
loso,RF,5,clean,,141939,5286,0.46121831252364737,0.4876840707442857,0.4378615836507376,71.9
loso,LDA,6,clean,,141545,5680,0.5679577464788732,0.5547260827069381,0.5238473864701232,1.7
loso,kNN3,6,clean,,141545,5680,0.5096830985915493,0.5125498446960958,0.5088229113416107,1.4
loso,kNN5,6,clean,,141545,5680,0.5170774647887324,0.5190658095760059,0.5184146589026477,1.3
loso,SVM,6,clean,,141545,5680,0.5924295774647887,0.5779657065061896,0.5658062444923867,8.3
loso,RF,6,clean,,141545,5680,0.543838028169014,0.557025687959907,0.5544116758721395,71.2
loso,LDA,7,clean,,141853,5372,0.344005956813105,0.3295028454275165,0.26136213400035335,1.5
loso,kNN3,7,clean,,141853,5372,0.31180193596425915,0.31398329974768313,0.2819339864183596,1.1
loso,kNN5,7,clean,,141853,5372,0.325204765450484,0.32581686985582325,0.29911661940739664,1.3
loso,SVM,7,clean,,141853,5372,0.2866716306775875,0.28413482383241906,0.2468486674063817,5.8
loso,RF,7,clean,,141853,5372,0.351451973194341,0.34874139919300856,0.31691419198617465,68.9
loso,LDA,8,clean,,141982,5243,0.5048636276940682,0.516008656953817,0.5379919670610245,1.6
loso,kNN3,8,clean,,141982,5243,0.46366584016784285,0.4729368537915085,0.44532798819191266,1.2
loso,kNN5,8,clean,,141982,5243,0.4827388899485028,0.48980828571740986,0.4625731223363584,1.3
loso,SVM,8,clean,,141982,5243,0.5027655922181957,0.5325923325991073,0.5021644993359488,5.7
loso,RF,8,clean,,141982,5243,0.6131985504482167,0.6199062777971597,0.6177350260222476,67.2
loso,LDA,9,clean,,141864,5361,0.3902257041596717,0.3829737848615453,0.33691073198405475,1.4
loso,kNN3,9,clean,,141864,5361,0.37082633836970713,0.35833184930267314,0.34102218283847024,1.1
loso,kNN5,9,clean,,141864,5361,0.38071255362805445,0.3687233006165145,0.35238916802093256,1.1
loso,SVM,9,clean,,141864,5361,0.4562581607908972,0.45316576500978933,0.41166556883241046,6.1
loso,RF,9,clean,,141864,5361,0.4982279425480321,0.5006380627105986,0.45448563841372425,69.1
loso,LDA,10,clean,,141638,5587,0.3175228208340791,0.3331732111588518,0.34118505528060467,1.8
loso,kNN3,10,clean,,141638,5587,0.3275460891354931,0.3510955983776685,0.33735898080760407,1.2
loso,kNN5,10,clean,,141638,5587,0.34204403078575263,0.3654828090604463,0.35702760167021613,1.2
loso,SVM,10,clean,,141638,5587,0.3594057633792733,0.3757439124693911,0.3476981263268307,7.9
loso,RF,10,clean,,141638,5587,0.4097010918202971,0.431362138467111,0.43697075721699863,70.5
loso,LDA,11,clean,,141254,5971,0.47914922123597387,0.478121205444915,0.4477358900699491,1.8
loso,kNN3,11,clean,,141254,5971,0.38603249037012227,0.3855937855347971,0.3835416315182947,1.2
loso,kNN5,11,clean,,141254,5971,0.3939038686987104,0.39265998637927546,0.3950264609720512,1.3
loso,SVM,11,clean,,141254,5971,0.3650979735387707,0.35146302028693654,0.34884826073668407,8.4
loso,RF,11,clean,,141254,5971,0.4751297940043544,0.47824638506009043,0.48482283818561256,70.5
loso,LDA,12,clean,,141814,5411,0.3128811679911292,0.3217973688988226,0.33081536543823314,1.6
loso,kNN3,12,clean,,141814,5411,0.3060432452411754,0.3194920901412749,0.29779587399980034,1.4
loso,kNN5,12,clean,,141814,5411,0.3115875069303271,0.32277718662952254,0.3051682607121674,1.5
loso,SVM,12,clean,,141814,5411,0.34559231195712437,0.3618547357539333,0.31794174471654346,8.2
loso,RF,12,clean,,141814,5411,0.36721493254481613,0.3770042496420769,0.3533197003410037,69.3
loso,LDA,13,clean,,142048,5177,0.39038052926405253,0.3853767005148694,0.33220077635533535,1.6
loso,kNN3,13,clean,,142048,5177,0.32567123816882365,0.34796361234239315,0.2936819552552193,1.2
loso,kNN5,13,clean,,142048,5177,0.3389994205138111,0.36038997652321636,0.30773170293404634,1.2
loso,SVM,13,clean,,142048,5177,0.3420900135213444,0.36913314428978194,0.29027931958813646,7.7
loso,RF,13,clean,,142048,5177,0.3635310025111068,0.38466885082233276,0.34272170603516094,69.8
loso,LDA,14,clean,,141432,5793,0.3430001726221302,0.3514719339482949,0.3511775674236546,1.4
loso,kNN3,14,clean,,141432,5793,0.3894355256343863,0.3970221437279652,0.38344066299071666,1.2
loso,kNN5,14,clean,,141432,5793,0.39409632314862764,0.4002725392520763,0.39030893663949484,1.3
loso,SVM,14,clean,,141432,5793,0.3385119972380459,0.3554685290467261,0.336745924853511,6.6
loso,RF,14,clean,,141432,5793,0.40859658208182287,0.4151643549672359,0.40649075396955225,67.8
loso,LDA,15,clean,,141447,5778,0.47767393561786087,0.45881593838237356,0.4471545252218885,1.6
loso,kNN3,15,clean,,141447,5778,0.40290758047767394,0.40354079746961613,0.39435855127744784,1.1
loso,kNN5,15,clean,,141447,5778,0.4001384562132226,0.39912118489618675,0.39062130264802264,1.1
loso,SVM,15,clean,,141447,5778,0.4567324333679474,0.44588209246289473,0.4278237664611997,7.0
loso,RF,15,clean,,141447,5778,0.4702319141571478,0.46203911471590187,0.4396906137124992,69.0
loso,LDA,16,clean,,142429,4796,0.4810258548790659,0.4718087395906083,0.4712447158121504,1.4
loso,kNN3,16,clean,,142429,4796,0.36738949124270226,0.37685061901921973,0.3572633413904749,1.0
loso,kNN5,16,clean,,142429,4796,0.3853211009174312,0.3945384785080887,0.37759133684268054,1.2
loso,SVM,16,clean,,142429,4796,0.4806088407005838,0.4798624111370451,0.45258555260450584,7.0
loso,RF,16,clean,,142429,4796,0.5590075062552127,0.5565880304093501,0.549076159216866,70.2
loso,LDA,17,clean,,141819,5406,0.5530891601923789,0.5582947459068367,0.5365864320323214,1.7
loso,kNN3,17,clean,,141819,5406,0.44543100258971513,0.4661249171676987,0.42935355785449036,1.2
loso,kNN5,17,clean,,141819,5406,0.4655937846836848,0.48441006263597003,0.4514296452795362,1.2
loso,SVM,17,clean,,141819,5406,0.47854236034036257,0.4964649129996161,0.4423673002725378,7.7
loso,RF,17,clean,,141819,5406,0.5421753607103219,0.554698948460465,0.5183324161883388,68.6
loso,LDA,18,clean,,141945,5280,0.5865530303030303,0.5811974154722304,0.5972419792018964,1.5
loso,kNN3,18,clean,,141945,5280,0.4630681818181818,0.4716044471278491,0.4622753863598503,1.3
loso,kNN5,18,clean,,141945,5280,0.4865530303030303,0.49297364257589127,0.4842023166432974,1.4
loso,SVM,18,clean,,141945,5280,0.521969696969697,0.5386412234988989,0.512525433822636,7.3
loso,RF,18,clean,,141945,5280,0.6034090909090909,0.6061857084798571,0.6084281313710348,70.1
loso,LDA,19,clean,,141292,5933,0.3576605427271195,0.3679547878325451,0.3811935418554667,1.5
loso,kNN3,19,clean,,141292,5933,0.3315354795213214,0.3371235914542359,0.31460433084337275,1.0
loso,kNN5,19,clean,,141292,5933,0.3426596999831451,0.34857440095846426,0.32796533184824667,1.2
loso,SVM,19,clean,,141292,5933,0.3606944210348896,0.37026712387855415,0.35426626262905797,6.0
loso,RF,19,clean,,141292,5933,0.36844766559919095,0.3743818634967026,0.3599920809207099,69.6
loso,LDA,20,clean,,141868,5357,0.3641963785700952,0.37422080815081654,0.3563280098568391,1.5
loso,kNN3,20,clean,,141868,5357,0.34384916931118165,0.3596347822450481,0.33031828762284665,1.1
loso,kNN5,20,clean,,141868,5357,0.3524360649617323,0.36827499643143435,0.34059229348959796,1.0
loso,SVM,20,clean,,141868,5357,0.3854769460518947,0.39918190879573445,0.361374247280238,5.5
loso,RF,20,clean,,141868,5357,0.3938771700578682,0.40709170760510666,0.3818001475778211,68.7
loso,LDA,21,clean,,141765,5460,0.5712454212454212,0.5595074596122749,0.565270087130769,1.7
loso,kNN3,21,clean,,141765,5460,0.47197802197802197,0.4749121186205792,0.453391415915889,1.2
loso,kNN5,21,clean,,141765,5460,0.491025641025641,0.4929034123228057,0.4741221945557799,1.1
loso,SVM,21,clean,,141765,5460,0.4926739926739927,0.4979922829035458,0.49119179161761645,8.3
loso,RF,21,clean,,141765,5460,0.6005494505494505,0.6004220690909459,0.5945360926708849,69.6
loso,LDA,22,clean,,141588,5637,0.49228312932410856,0.4808486887784395,0.45793574996636244,1.7
loso,kNN3,22,clean,,141588,5637,0.3413163029980486,0.3355026747532901,0.33612894724923814,1.4
loso,kNN5,22,clean,,141588,5637,0.3521376618768849,0.34504961345195995,0.34733294644174356,1.5
loso,SVM,22,clean,,141588,5637,0.3744899769380876,0.3655514829016846,0.37580350521455763,8.8
loso,RF,22,clean,,141588,5637,0.4509490863934717,0.4435490531329173,0.44260783336205123,70.5
loso,LDA,23,clean,,141328,5897,0.4175004239443785,0.4203415380039113,0.40939269332972084,1.7
loso,kNN3,23,clean,,141328,5897,0.3617093437341021,0.35552161601108345,0.3380652460023858,1.2
loso,kNN5,23,clean,,141328,5897,0.37188400881804307,0.3632871156313197,0.3445607311708155,1.4
loso,SVM,23,clean,,141328,5897,0.35611327793793457,0.36328756683296043,0.3503172053761383,9.0
loso,RF,23,clean,,141328,5897,0.45209428522977785,0.4519901749737182,0.4284794662574797,69.9
loso,LDA,24,clean,,142029,5196,0.4724788298691301,0.4699983720786297,0.43058605772101444,1.6
loso,kNN3,24,clean,,142029,5196,0.4147421093148576,0.42297398525762775,0.4007274508308387,1.1
loso,kNN5,24,clean,,142029,5196,0.42763664357197845,0.4328388177953212,0.41382889663773564,1.1
loso,SVM,24,clean,,142029,5196,0.3903002309468822,0.39877476884200813,0.3724059932822159,8.2
loso,RF,24,clean,,142029,5196,0.5234795996920708,0.5300451404467101,0.5083585520544105,68.8
loso,LDA,25,clean,,141661,5564,0.5824946081955428,0.572221879235274,0.5685997190469486,1.8
loso,kNN3,25,clean,,141661,5564,0.5425952552120776,0.5414284267149181,0.527838155777129,1.2
loso,kNN5,25,clean,,141661,5564,0.556254493170381,0.5529358712203141,0.5389407408033955,1.3
loso,SVM,25,clean,,141661,5564,0.5708123652048885,0.5739652565617397,0.550835855459402,7.0
loso,RF,25,clean,,141661,5564,0.6556434219985622,0.6503006770599713,0.641247281258473,68.9
loso,LDA,26,clean,,142441,4784,0.5114966555183946,0.5100697030526453,0.517592943415615,1.5
loso,kNN3,26,clean,,142441,4784,0.48808528428093645,0.5012813356050912,0.4780026271675679,1.0
loso,kNN5,26,clean,,142441,4784,0.504180602006689,0.514954812984486,0.49997272033947937,1.4
loso,SVM,26,clean,,142441,4784,0.5675167224080268,0.5670264616739589,0.5510728279488344,6.7
loso,RF,26,clean,,142441,4784,0.5729515050167224,0.5821019366986524,0.5767967612727904,71.0
loso,LDA,27,clean,,141528,5697,0.1899245216780762,0.2075402252499265,0.20293046855788555,1.9
loso,kNN3,27,clean,,141528,5697,0.23749341758820433,0.23877439544124823,0.21834936249347667,1.1
loso,kNN5,27,clean,,141528,5697,0.2378444795506407,0.23884811358233282,0.2184893913565834,1.3
loso,SVM,27,clean,,141528,5697,0.20607337195014921,0.22016072678601295,0.1845548107607994,7.9
loso,RF,27,clean,,141528,5697,0.2283658065648587,0.2374381977203676,0.20074863618724512,73.6
