model_a,model_b,n_subjects,median_macro_f1_a,median_macro_f1_b,median_diff_a_minus_b,rank_biserial,p_value,p_holm,significant_0.05
LDA,RF,27,0.4305860577210144,0.4378615836507376,-0.025472137720982002,-0.6507936507936508,0.0022483021020889282,0.008993208408355713,True
LDA,SVM,27,0.4305860577210144,0.3709706768824468,0.019330758760688793,0.6349206349206349,0.0029667913913726807,0.008993208408355713,True
LDA,kNN3,27,0.4305860577210144,0.3410221828384702,0.0395903162480471,0.8148148148148148,6.331503391265869e-05,0.00037989020347595215,True
LDA,kNN5,27,0.4305860577210144,0.3570276016702161,0.025647104726065684,0.6984126984126984,0.0009199380874633789,0.0045996904373168945,True
RF,SVM,27,0.4378615836507376,0.3709706768824468,0.0668043281474936,0.9365079365079365,1.043081283569336e-06,8.344650268554688e-06,True
RF,kNN3,27,0.4378615836507376,0.3410221828384702,0.0889788583338485,0.9682539682539683,2.086162567138672e-07,1.8775463104248047e-06,True
RF,kNN5,27,0.4378615836507376,0.3570276016702161,0.06690277090880259,0.9206349206349206,2.041459083557129e-06,1.4290213584899902e-05,True
SVM,kNN3,27,0.3709706768824468,0.3410221828384702,0.022997699682272943,0.48148148148148145,0.028018027544021606,0.05603605508804321,False
SVM,kNN5,27,0.3709706768824468,0.3570276016702161,0.012773484004376001,0.2328042328042328,0.3011907488107681,0.3011907488107681,False
kNN3,kNN5,27,0.3410221828384702,0.3570276016702161,-0.013101445806896872,-0.9894179894179894,4.470348358154297e-08,4.470348358154297e-07,True
