condition,level,model,retention_mean
noise,0,LDA,0.09166620387331952
noise,0,kNN5,0.13440009703984088
noise,0,SVM,0.1277216738442568
noise,0,RF,0.3057524417227162
fatigue,3.0,LDA,0.8381196216474733
fatigue,3.0,kNN5,0.9103358434231645
fatigue,3.0,SVM,0.7632092871213512
fatigue,3.0,RF,0.7593739516415384
rotation,4,LDA,0.29881790078441445
rotation,4,kNN5,0.45529814987338363
rotation,4,SVM,0.3254146814276613
rotation,4,RF,0.3606665868552261
dropout,4,LDA,0.6691600176372634
dropout,4,kNN5,0.7717018115568651
dropout,4,SVM,0.7309296817834484
dropout,4,RF,0.40340413435560823
