condition,level,LDA,RF,SVM,kNN5
dropout,0,0.385,0.421,0.368,0.355
dropout,1,0.307,0.355,0.298,0.314
dropout,2,0.25,0.254,0.286,0.275
dropout,3,0.225,0.286,0.28,0.264
dropout,4,0.251,0.167,0.267,0.271
fatigue,1.0,0.385,0.421,0.368,0.355
fatigue,1.25,0.385,0.411,0.353,0.357
fatigue,1.5,0.39,0.409,0.35,0.36
fatigue,2.0,0.368,0.361,0.333,0.353
fatigue,3.0,0.321,0.309,0.283,0.319
noise,,0.385,0.421,0.368,0.355
noise,0,0.033,0.129,0.046,0.047
noise,10,0.037,0.154,0.08,0.086
noise,20,0.133,0.215,0.212,0.153
noise,30,0.247,0.332,0.319,0.279
noise,5,0.032,0.14,0.05,0.075
rotation,0,0.385,0.421,0.368,0.355
rotation,1,0.263,0.338,0.307,0.288
rotation,2,0.133,0.153,0.141,0.182
rotation,3,0.11,0.142,0.119,0.161
rotation,4,0.107,0.148,0.114,0.158
