channel,site,rf_importance,loso_f1_drop_without_channel_LDA,mean_cv_across_gestures
ch1,"Forearm ring, position 1/8 (radio-humeral level)",0.10782496742068119,0.01122719257364957,0.6160911656190092
ch2,"Forearm ring, position 2/8 (radio-humeral level)",0.09994352552659923,0.01572840999303149,0.5477335124785826
ch3,"Forearm ring, position 3/8 (radio-humeral level)",0.08172667291823514,-0.003928515221406859,0.8598924832432288
ch4,"Forearm ring, position 4/8 (radio-humeral level)",0.10913616810272163,0.00898771052292835,0.8059375953972099
ch5,"Forearm ring, position 5/8 (radio-humeral level)",0.05977799242885781,-0.0002594937945574194,0.7118098378844069
ch6,"Forearm ring, position 6/8 (radio-humeral level)",0.0904184250594237,0.006392557770215301,0.5142964021267746
ch7,"Forearm ring, position 7/8 (radio-humeral level)",0.13264488989496487,0.03552763976433021,0.4599101916646363
ch8,"Forearm ring, position 8/8 (radio-humeral level)",0.11587775346523524,0.001346918290464294,0.4820760454278276
ch9,Flexor digitorum superficialis (FDS),0.07832078411973918,-0.0014616402448538457,0.8029635626951285
ch10,Extensor digitorum superficialis (EDS),0.12432882106354226,0.01679347435889722,0.49069028169618967
