channel,site
ch1,"Forearm ring, position 1/8 (radio-humeral level)"
ch2,"Forearm ring, position 2/8 (radio-humeral level)"
ch3,"Forearm ring, position 3/8 (radio-humeral level)"
ch4,"Forearm ring, position 4/8 (radio-humeral level)"
ch5,"Forearm ring, position 5/8 (radio-humeral level)"
ch6,"Forearm ring, position 6/8 (radio-humeral level)"
ch7,"Forearm ring, position 7/8 (radio-humeral level)"
ch8,"Forearm ring, position 8/8 (radio-humeral level)"
ch9,Flexor digitorum superficialis (FDS)
ch10,Extensor digitorum superficialis (EDS)
