subject,atypicality
1,0.4730564597257906
2,0.4335020867062629
3,0.24726611255029507
4,0.1961431712715639
5,0.2809602861217574
6,0.2175852445633889
7,0.44785689283808783
8,0.1594295530519596
9,0.3773173939664751
10,0.225756975347852
11,0.31171997754408187
12,0.23611461882513363
13,0.3811505232045397
14,0.2042212682064154
15,0.22291007446906552
16,0.2556391019575238
17,0.22780203041745262
18,0.22081308202516947
19,0.1996011580005992
20,0.3410157748062238
21,0.23707770971548603
22,0.3567036263491379
23,0.13955168900475723
24,0.23430645589108934
25,0.19020620270548105
26,0.3285990999460199
27,0.34144970034736766
